{"DefaultTint":{"r":0.6000000238418579,"g":0.6000000238418579,"b":0.699999988079071,"a":0.699999988079071},"FoldersData":{"Keys":["618d3a0fc3cc9a742ab3701f5657aca6","bb1691483de218649ac7ba3881ccb045","6d0146f8c5a5e084aa970a7a6c5aaf95","5ae7c3f916b98264a9a4673ee0de5254"],"Values":[{"_guid":"618d3a0fc3cc9a742ab3701f5657aca6","_color":{"r":0.2392156571149826,"g":0.800000011920929,"b":0.2551179826259613,"a":0.699999988079071},"_recursive":true},{"_guid":"bb1691483de218649ac7ba3881ccb045","_color":{"r":0.449849396944046,"g":0.24000000953674317,"b":0.800000011920929,"a":0.699999988079071},"_recursive":true},{"_guid":"6d0146f8c5a5e084aa970a7a6c5aaf95","_color":{"r":0.2392156571149826,"g":0.800000011920929,"b":0.7427498698234558,"a":0.699999988079071},"_recursive":true},{"_guid":"5ae7c3f916b98264a9a4673ee0de5254","_color":{"r":0.2392156571149826,"g":0.41018807888031008,"b":0.800000011920929,"a":0.699999988079071},"_recursive":true}]}}