{"DefaultTint":{"r":0.6000000238418579,"g":0.6000000238418579,"b":0.699999988079071,"a":0.699999988079071},"FoldersData":{"Keys":["0f681f5e4d556474c9f077b3a2b5ee73","bb1691483de218649ac7ba3881ccb045","6d0146f8c5a5e084aa970a7a6c5aaf95","7389145c0bcd15347a3f4959648014c4"],"Values":[{"_guid":"0f681f5e4d556474c9f077b3a2b5ee73","_color":{"r":0.2392156571149826,"g":0.800000011920929,"b":0.2551179826259613,"a":0.699999988079071},"_recursive":true},{"_guid":"bb1691483de218649ac7ba3881ccb045","_color":{"r":0.449849396944046,"g":0.24000000953674317,"b":0.800000011920929,"a":0.699999988079071},"_recursive":true},{"_guid":"6d0146f8c5a5e084aa970a7a6c5aaf95","_color":{"r":0.2392156571149826,"g":0.800000011920929,"b":0.7427498698234558,"a":0.699999988079071},"_recursive":true},{"_guid":"7389145c0bcd15347a3f4959648014c4","_color":{"r":0.800000011920929,"g":0.2392156571149826,"b":0.2888873517513275,"a":0.699999988079071},"_recursive":true}]}}